Player,Kylar Alice,Shadoww,Goddess,Drip God,Cheeseface,baka,AquarianNemesis,Rite,CL3M,Kircix,Dummy,baileyyyy,geometryshanes,Zechten,Trankwillity,ShadowFish,xUzBrodie-,Quickshot,Claxy,cayzdaddy,Phy,Panda,Peace,T-Reqt,Lichgo,YaKnow,Rygunduz,fantee720,Purpzz,jason,Rubbish,Dough?,prodbyanh,Mike,swifty pete,Astronaut3005,Batman,AbruptPuppet,NexRE55108,SleepyTactics,V1TAL,Midnight,Rebonk,enimateK,Skits,Stadt,Pigron,Ryu,PokeFanatics,JMC_,bones,Elbox,Deception,mayoplays,Mark_ov,Joseph,aLphaaa,damo1968712,Str1k3r,StupidDash,garbo,xdlolxd,Surya,The_Pumpkin_8tr,Rhodes,Kenshinssj,Luraph,R3ALsai115,NDS Fallen,Erqia,Nexerst,Festive,DreDaKing,VxAPx,Toilet,JWC_ACE,azrael,Medi_Ev1L,Mpward55s,toro,M1N1_YASH,Eldog,Toxic_Lance_Main,adenele11,Candyman,ShiBroke,Siquiari,BreezierComet31,SUMMINJST1,Kye,noahnaut,AJAmzz,MidnightLynx,Smash,Very Very Fast Goat,NoMantra,Amanda you are not alone,Khanage,TXC-jayxx,Xoyul,LORDROMAN74,Unco,Oncemoretae,GDBlaze,HelpfulPlow73,Kavithan34655,Knifey,Xirow-,yunoza v2,Flobby Robbo,priahy,Mansha,yes,Akcleggs,MateyBug,Hexdi,J HaPPeNz,mahalobaby,fatlonzo,ShaKing,ElMuchacho,Noble (3),Myst,PurpleDemon,Mouse,tkkin22,tomada124,cheesy,ThePittCrazy16,Chuck dibaob,backupkso,theimortalbr,Ezco25,mclov3n,El'Dracque,XtraSmurf07,Bomb,Layser,Pinky,Buba (2),ntsumy52345,Lemon_Beans,Yam,ASAS,Kin,sansdriveblox,Wolfeh,AL | *^Foxxy^*,Kodesta2005,Prince,IK0NIC KALM,Magzoub,JonnyHDTV,tommysama,chasab3,Art?VP,ArcaneXXL,N.Ã˜.V.A,Tech_Mazter,cammang00,MICHEALDAKING,Hushh_Shadows,Parzival,brawlhalla (2),Zacstrom,Donieb13,Foxblade22,Iamkalex,buou,Rj Dude,Lagostinn_-,BlackNutSack9,CaseSaffron1667,Road to platinum5,Epic (2),CL4PTP35,Wunulla,FlashX,Ackie,Strifey,Thotfullness,DeWitt,L3GEND05BEAST,gg (5),PixelatedPortal,Goliakito,Meng-Kun,CorinWrong,Renzodragon2,Ronin (2),Miniharley00,OMY20,vely,x2jod_,sayallah,Panda (2),Drownie,Nyctoowl
Top 32 made,12,5,7,5,3,7,8,8,5,8,2,8,5,6,6,6,4,6,2,4,1,2,3,4,5,3,1,1,1,2,1,1,4,1,1,1,1,1,0,1,1,1,1,1,1,0,5,2,0,0,1,1,0,0,0,0,0,0,0,0,0,0,0,0,0,0,0,0,0,0,0,0,0,0,0,0,0,1,0,0,0,0,0,0,0,0,0,0,0,0,0,0,0,0,2,0,0,0,0,0,0,0,0,0,0,0,0,0,0,0,0,0,0,0,0,0,0,0,0,0,0,0,0,0,0,0,0,0,0,0,0,0,0,1,0,0,0,0,0,0,0,0,0,0,0,0,0,0,0,0,0,0,0,1,0,0,0,0,0,0,0,0,0,0,0,0,0,0,1,0,0,0,0,0,0,0,0,0,0,0,0,0,0,0,0,0,0,0,0,0,0,0,0,0,0,0,0,0
Top 8 made,9,2,3,5,2,5,6,6,0,3,1,3,0,2,0,1,0,0,0,0,0,1,0,0,0,0,0,0,0,0,0,0,2,0,0,0,0,0,0,0,0,0,0,0,0,0,0,0,0,0,0,0,0,0,0,0,0,0,0,0,0,0,0,0,0,0,0,0,0,0,0,0,0,0,0,0,0,0,0,0,0,0,0,0,0,0,0,0,0,0,0,0,0,0,0,0,0,0,0,0,0,0,0,0,0,0,0,0,0,0,0,0,0,0,0,0,0,0,0,0,0,0,0,0,0,0,0,0,0,0,0,0,0,0,0,0,0,0,0,0,0,0,0,0,0,0,0,0,0,0,0,0,0,0,0,0,0,0,0,0,0,0,0,0,0,0,0,0,0,0,0,0,0,0,0,0,0,0,0,0,0,0,0,0,0,0,0,0,0,0,0,0,0,0,0,0,0,0
Top 3 made,8,1,1,3,0,0,1,5,0,0,0,1,0,1,0,0,0,0,0,0,0,0,0,0,0,0,0,0,0,0,0,0,0,0,0,0,0,0,0,0,0,0,0,0,0,0,0,0,0,0,0,0,0,0,0,0,0,0,0,0,0,0,0,0,0,0,0,0,0,0,0,0,0,0,0,0,0,0,0,0,0,0,0,0,0,0,0,0,0,0,0,0,0,0,0,0,0,0,0,0,0,0,0,0,0,0,0,0,0,0,0,0,0,0,0,0,0,0,0,0,0,0,0,0,0,0,0,0,0,0,0,0,0,0,0,0,0,0,0,0,0,0,0,0,0,0,0,0,0,0,0,0,0,0,0,0,0,0,0,0,0,0,0,0,0,0,0,0,0,0,0,0,0,0,0,0,0,0,0,0,0,0,0,0,0,0,0,0,0,0,0,0,0,0,0,0,0,0
Top 2 made,8,1,0,2,0,0,1,4,0,0,0,0,0,0,0,0,0,0,0,0,0,0,0,0,0,0,0,0,0,0,0,0,0,0,0,0,0,0,0,0,0,0,0,0,0,0,0,0,0,0,0,0,0,0,0,0,0,0,0,0,0,0,0,0,0,0,0,0,0,0,0,0,0,0,0,0,0,0,0,0,0,0,0,0,0,0,0,0,0,0,0,0,0,0,0,0,0,0,0,0,0,0,0,0,0,0,0,0,0,0,0,0,0,0,0,0,0,0,0,0,0,0,0,0,0,0,0,0,0,0,0,0,0,0,0,0,0,0,0,0,0,0,0,0,0,0,0,0,0,0,0,0,0,0,0,0,0,0,0,0,0,0,0,0,0,0,0,0,0,0,0,0,0,0,0,0,0,0,0,0,0,0,0,0,0,0,0,0,0,0,0,0,0,0,0,0,0,0
Top 1 made,8,0,0,0,0,0,0,1,0,0,0,0,0,0,0,0,0,0,0,0,0,0,0,0,0,0,0,0,0,0,0,0,0,0,0,0,0,0,0,0,0,0,0,0,0,0,0,0,0,0,0,0,0,0,0,0,0,0,0,0,0,0,0,0,0,0,0,0,0,0,0,0,0,0,0,0,0,0,0,0,0,0,0,0,0,0,0,0,0,0,0,0,0,0,0,0,0,0,0,0,0,0,0,0,0,0,0,0,0,0,0,0,0,0,0,0,0,0,0,0,0,0,0,0,0,0,0,0,0,0,0,0,0,0,0,0,0,0,0,0,0,0,0,0,0,0,0,0,0,0,0,0,0,0,0,0,0,0,0,0,0,0,0,0,0,0,0,0,0,0,0,0,0,0,0,0,0,0,0,0,0,0,0,0,0,0,0,0,0,0,0,0,0,0,0,0,0,0
,,,,,,,,,,,,,,,,,,,,,,,,,,,,,,,,,,,,,,,,,,,,,,,,,,,,,,,,,,,,,,,,,,,,,,,,,,,,,,,,,,,,,,,,,,,,,,,,,,,,,,,,,,,,,,,,,,,,,,,,,,,,,,,,,,,,,,,,,,,,,,,,,,,,,,,,,,,,,,,,,,,,,,,,,,,,,,,,,,,,,,,,,,,,,,,,,,,,,,
Total Points,299.8872927,201.8286246,177.078276,175.0691856,158.7128966,152.1950022,137.3488949,105.7763289,102.3585542,100.9931041,100.3981205,99.2459686,94.59038511,76.44295039,72.76535287,72.24553873,70.4779207,68.61662185,64.62220918,64.35146747,55.06414277,53.11415987,51.19626122,45.86174449,44.44365982,43.48034158,41.90638768,40.68191201,40.49075007,40.17611163,36.7970206,36.37388012,35.28527053,34.40556004,33.27464129,33.04318077,32.80337518,32.4318926,32.23254791,31.55750978,31.17522246,31.11542995,31.03007235,30.13315788,27.65699404,27.60987182,27.44331473,27.13473801,27.12331142,26.81692309,26.03951536,25.57437573,23.00364159,22.86670106,21.90526783,20.51973013,20.19547661,20.08651748,19.7148602,18.94668991,18.77550562,18.45671553,17.31178686,17.17479452,16.86749029,15.38100117,14.90549882,14.79860899,14.78625457,14.6981328,14.6519889,14.57556702,14.31914373,14.00604479,13.85935346,13.85387517,13.59011691,13.5268538,13.3598858,13.33725285,13.30432506,13.28941439,13.28410177,13.14500186,13.05602046,12.94519899,12.8648879,12.86011292,12.8027944,12.48373794,12.43517259,12.38321507,12.3826086,12.34243558,12.22490989,12.13914692,11.9669559,11.75754913,11.65651637,11.62037592,11.56017461,11.49573474,11.48589003,11.22416715,11.10414375,11.06999681,11.0623025,11.06035393,11.03754085,10.92295435,10.91757452,10.8631869,10.81216528,10.7727909,10.70481829,10.68924087,10.67184791,10.65614492,10.56218964,10.35458338,10.25709405,10.16205123,10.11833543,10.01060369,9.883377312,9.707789078,9.401321054,9.162547774,9.136081283,9.028729319,9.01176107,8.991148089,8.819945125,8.746447757,8.724929132,8.708121311,8.590543788,8.544367032,8.473494389,8.42531286,8.389316802,8.349223658,8.341673194,8.259505408,8.2440837,8.15965964,8.126662154,7.971442845,7.95854391,7.956559539,7.949154486,7.943911616,7.932198105,7.901513321,7.852606062,7.827028494,7.813812188,7.719356368,7.609816223,7.577479231,7.406126173,7.311688157,7.264514594,7.217310497,7.216809583,7.022932957,7.018248469,7.01668444,6.986111536,6.968676521,6.806289627,6.796342412,6.735210425,6.732702624,6.731760149,6.720036786,6.708195447,6.679331302,6.675870267,6.652893331,6.539327397,6.532342406,6.388935407,6.350512162,6.210167452,6.195695577,6.133791511,6.127172145,6.124953521,6.050162893,6.047351587,6.047351587,6.031384493,6.01809824,5.867820592,5.791164608,5.710548053,5.601327808
,,,,,,,,,,,,,,,,,,,,,,,,,,,,,,,,,,,,,,,,,,,,,,,,,,,,,,,,,,,,,,,,,,,,,,,,,,,,,,,,,,,,,,,,,,,,,,,,,,,,,,,,,,,,,,,,,,,,,,,,,,,,,,,,,,,,,,,,,,,,,,,,,,,,,,,,,,,,,,,,,,,,,,,,,,,,,,,,,,,,,,,,,,,,,,,,,,,,,,
,,,,,,,,,,,,,,,,,,,,,,,,,,,,,,,,,,,,,,,,,,,,,,,,,,,,,,,,,,,,,,,,,,,,,,,,,,,,,,,,,,,,,,,,,,,,,,,,,,,,,,,,,,,,,,,,,,,,,,,,,,,,,,,,,,,,,,,,,,,,,,,,,,,,,,,,,,,,,,,,,,,,,,,,,,,,,,,,,,,,,,,,,,,,,,,,,,,,,,
Brawlhalla Spring Championship 2020 AUS 1v1 - 4/11/2020 - 14 days ago,,,,,,,,,,,,,,,,,,,,,,,,,,,,,,,,,,,,,,,,,,,,,,,,,,,,,,,,,,,,,,,,,,,,,,,,,,,,,,,,,,,,,,,,,,,,,,,,,,,,,,,,,,,,,,,,,,,,,,,,,,,,,,,,,,,,,,,,,,,,,,,,,,,,,,,,,,,,,,,,,,,,,,,,,,,,,,,,,,,,,,,,,,,,,,,,,,,,,,
Place,1,2,3,7,5,5,7,97,9,9,4,9,13,25,13,17,17,17,25,25,9,65,193,13,13,33,,33,17,17,17,65,,17,17,193,25,,33,25,,25,97,33,65,49,,25,33,49,25,,97,97,65,33,33,49,129,49,33,49,33,97,,,49,,33,129,,,,,,33,,49,49,65,33,33,,129,97,49,49,,65,65,33,65,,33,49,65,33,,,65,,65,,,49,49,129,,,65,,,,49,,,,49,65,97,65,97,129,97,65,65,,,,,,,65,257,65,97,193,97,,97,97,,65,129,,,,,,129,,,97,65,,65,,,65,,,97,97,,,,97,,97,129,,129,,,,97,65,,,97,,129,,,,,97,129,,,,,129,65,,65,129,129
Points from place,110,80,70,40,50,50,40,2,28,28,60,28,24,16,24,20,20,20,16,16,28,2,1,24,24,4,,4,20,20,20,2,,20,20,1,16,,4,16,,16,2,4,2,4,,16,4,4,16,,2,2,2,4,4,4,1,4,4,4,4,2,,,4,,4,1,,,,,,4,,4,4,2,4,4,,1,2,4,4,,2,2,4,2,,4,4,2,4,,,2,,2,,,4,4,1,,,2,,,,4,,,,4,2,2,2,2,1,2,2,2,,,,,,,2,1,2,2,1,2,,2,2,,2,1,,,,,,1,,,2,2,,2,,,2,,,2,2,,,,2,,2,1,,1,,,,2,2,,,2,,1,,,,,2,1,,,,,1,2,,2,1,1
Wins (opponent seed),[4 7 8],[6 7 8],[2 6 10],[15 22 31],[2 13 14],[11 14 59],[9 10 40],[142 254],[21 23 30],[3 19 30],[4 5 5],[9 16 22],[24 29 120],[117 133 245],[15 27 85],[80 113 240],[18 33 80],[23 40 105],[31 98 191],[30 46 110],[3 11 25],[58 71 186],[164],[25 45 52],[22 31 43],[59 155 198],,[39 282 359],[19 29 93],[17 31 34],[20 51 78],[106 234],,[30 94 126],[18 146 306],[324],[29 52 77],,[17 224 352],[43 54 75],,[39 42 55],[152 232],[15 82 159],[27 38 86],[62 83 94],,[26 74 87],[35 78 227],[79 159 226],[32 49 240],,[107 230],[97 112 336],[228 356],[44 60 69],[3 62 131],[3 46 51],[229],[20 61 84],[15 50 79],[64 65 192],[28 101 156],[118 134],,,[23 58 135],,[27 155 347],[26 122 170],,,,,,[57 88 104],,[68 84 212],[37 53 220],[28 149 236],[45 100 109],[32 112 273],,[50 287 335],[181 188],[54 70 139],[70 75 123],,[63 66 322],[22 107 150],[23 298 343],[25 89 169],,[89 217 360],[73 184 297],[55 74 330],[77 205 269],,,[13 116 244],,[25 104 153],,,[48 209 241],[87 167 170],[151],,,[72 121 265],,,,[120 136 249],,,,[82 175 223],[65 113 208],[86 91 171],[64 128 144],[81 96 161],[203],[36 173 221],[49 177],[63 127 143],,,,,,,[117 188 204],[309],[92 108 213],[101 149],[300],[103 106 231],,[103 154 234],[92 165 172],,[115 179 190],[13 221],,,,,,[97 160],,,[47 210 290],[90 218],,[72 200],,,[125 180 189],,,[99 147],[180 189],,,,[132 141],,[71 202],[35 222],,[81 176],,,,[131 142],[174 211 238],,,[93 173],,[168 296],,,,,[169 217],[56 201],,,,,[47 258],[198 326],,[114 242],[60 236 325],[99 158]
Points from wins,21.325 [7.778+6.881+6.667],20.675 [7.128+6.881+6.667],22.326 [8.889+7.128+6.309],15.199 [5.659+5.045+4.495],20.547 [8.889+5.888+5.77],15.39 [6.156+5.77+3.464],16.874 [6.478+6.309+4.087],3.18 [2.056+1.124],14.641 [5.12+4.974+4.548],18.067 [8.239+5.28+4.548],22.618 [7.778+7.42+7.42],17.078 [6.478+5.556+5.045],11.834 [4.906+4.602+2.326],5.709 [2.366+2.161+1.182],13.254 [5.659+4.717+2.878],6.612 [2.976+2.422+1.215],12.738 [5.367+4.395+2.976],11.6 [4.974+4.087+2.54],8.726 [4.495+2.65+1.581],10.876 [4.548+3.863+2.465],19.235 [8.239+6.156+4.84],8.281 [3.491+3.167+1.623],1.825,12.404 [4.84+3.898+3.666],13.511 [5.045+4.495+3.971],6.902 [3.464+1.915+1.523],,4.127 [4.127+0+0],12.617 [5.28+4.602+2.734],14.301 [5.458+4.495+4.347],11.911 [5.198+3.697+3.016],3.78 [2.525+1.255],,9.512 [4.548+2.717+2.247],7.378 [5.367+2.011+0],0,11.305 [4.602+3.666+3.037],,6.784 [5.458+1.325+0],10.656 [3.971+3.606+3.079],,11.712 [4.127+4.009+3.576],3.216 [1.947+1.269],10.47 [5.659+2.936+1.875],11.745 [4.717+4.169+2.86],9.018 [3.384+2.917+2.717],,10.719 [4.777+3.101+2.841],8.621 [4.301+3.016+1.304],6.181 [2.996+1.875+1.311],9.42 [4.444+3.761+1.215],,3.792 [2.509+1.283],5.103 [2.667+2.436+0],1.297 [1.297+0],10.584 [3.934+3.437+3.213],13.808 [8.239+3.384+2.185],15.799 [8.239+3.863+3.697],1.29,11.506 [5.198+3.41+2.897],12.384 [5.659+3.729+2.996],8.214 [3.333+3.308+1.572],9.166 [4.658+2.602+1.905],4.501 [2.353+2.149],,,10.602 [4.974+3.491+2.137],,6.632 [4.717+1.915+0],8.844 [4.777+2.299+1.767],,,,,,8.897 [3.519+2.823+2.555],,7.547 [3.236+2.897+1.413],9.201 [4.212+3.636+1.354],7.879 [4.658+1.979+1.242],8.996 [3.898+2.618+2.48],6.881 [4.444+2.436+0],,3.729 [3.729+0+0],3.273 [1.667+1.606],8.885 [3.606+3.19+2.09],8.555 [3.19+3.079+2.286],,6.643 [3.359+3.284+0],9.523 [5.045+2.509+1.968],4.974 [4.974+0+0],9.422 [4.84+2.805+1.777],,4.181 [2.805+1.376+0],4.763 [3.122+1.64+0],6.677 [3.576+3.101+0],4.504 [3.037+1.467+0],,,9.456 [5.888+2.38+1.188],,9.331 [4.84+2.555+1.936],,,6.439 [3.794+1.436+1.208],6.404 [2.841+1.796+1.767],1.957,,,5.457 [3.145+2.312+0],,,,5.606 [2.326+2.125+1.156],,,,5.989 [2.936+1.721+1.332],7.174 [3.308+2.422+1.444],7.387 [2.86+2.769+1.758],7.589 [3.333+2.222+2.033],7.494 [2.956+2.683+1.855],1.483,7.342 [4.256+1.739+1.347],5.464 [3.761+1.703],7.638 [3.359+2.235+2.045],,,,,,,5.447 [2.366+1.606+1.475],0,6.652 [2.752+2.495+1.406],4.581 [2.602+1.979],0,6.371 [2.571+2.525+1.276],,5.751 [2.571+1.926+1.255],6.315 [2.752+1.815+1.749],,5.668 [2.394+1.685+1.589],7.235 [5.888+1.347],,,,,,4.531 [2.667+1.865],,,5.257 [3.828+1.429+0],4.156 [2.787+1.369],,4.651 [3.145+1.507],,,5.533 [2.26+1.676+1.598],,,4.634 [2.634+2],3.273 [1.676+1.598],,,,4.24 [2.173+2.067],,4.658 [3.167+1.491],5.64 [4.301+1.34],,4.667 [2.956+1.712],,,,4.241 [2.185+2.056],4.379 [1.73+1.421+1.228],,,4.474 [2.734+1.739],,1.786 [1.786+0],,,,,3.153 [1.777+1.376],5.046 [3.547+1.499],,,,,3.828 [3.828+0],1.523 [1.523+0],,3.609 [2.408+1.201],4.678 [3.437+1.242+0],4.519 [2.634+1.885]
Losses (opponent place),[],[1 4],[2 1],[5 3],[4 4],[2 3],[2 1],[49 33],[7 3],[5 5],[2 1],[7 13],[9 7],[9 4],[9 4],[9 1],[5 33],[13 9],[17 17],[17 9],[2 13],[49 3],[129 65],[5 2],[9 5],[9 65],,[25 3],[13 2],[13 7],[9 9],[49 33],,[9 9],[13 7],[129 49],[17 2],,[17 1],[13 9],,[17 9],[65 65],[17 17],[25 13],[33 129],,[9 129],[25 17],[25 17],[17 33],,[65 33],[65 25],[25 17],[13 5],[17 17],[17 193],[33 65],[25 13],[25 17],[25 1],[25 5],[49 5],,,[25 65],,[25 5],[25 3],,,,,,[9 49],,[33 13],[33 33],[25 13],[17 65],[25 17],,[97 65],[49 33],[33 65],[25 65],,[25 7],[49 13],[25 9],[49 9],,[17 7],[17 13],[25 9],[25 13],,,[33 33],,[49 33],,,[17 33],[25 33],[65 97],,,[17 13],,,,[33 7],,,,[33 17],[25 65],[33 13],[49 17],[17 33],[25 49],[33 17],[17 17],[49 129],,,,,,,[49 4],[65 193],[33 65],[65 13],[129 65],[49 33],,[25 33],[65 49],,[33 17],[97 129],,,,,,[25 17],,,[25 49],[25 33],,[33 7],,,[49 65],,,[49 25],[25 33],,,,[65 2],,[25 65],[17 65],,[49 65],,,,[65 9],[17 65],,,[49 49],,[97 33],,,,,[33 9],[49 97],,,,,[33 49],[33 5],,[33 33],[65 97],[33 97]
Points from losses,20,12.6,14.4,8.4,9.8,11.2,14.4,0.2,8.4,7.2,14.4,6,6,7,7,9,1.2,5,2.45,3.5,8,1.4,0.05,9.6,6,0.5,,4.9,8,6,5,0.2,,5,6,0.1,5.6,,6.3,5,,3.5,0.05,2.45,3.5,0.1,,0.5,2.45,2.45,0.7,,0.1,0.35,2.45,6,2.45,0.35,0.1,3.5,2.45,6.3,4.2,1.2,,,0.35,,4.2,4.9,,,,,,1,,1,0.2,3.5,0.35,2.45,,0.05,0.2,0.1,0.35,,4.2,1,3.5,1,,4.2,3.5,3.5,3.5,,,0.2,,0.2,,,0.7,0.7,0.05,,,3.5,,,,1.2,,,,0.7,0.35,1,0.7,0.7,0.7,0.7,2.45,0.1,,,,,,,1.4,0.05,0.1,0.5,0.05,0.2,,0.7,0.1,,0.7,0.05,,,,,,2.45,,,0.7,0.7,,1.2,,,0.1,,,0.7,0.7,,,,0.8,,0.35,0.35,,0.1,,,,0.5,0.35,,,0.2,,0.1,,,,,1,0.1,,,,,0.2,1.2,,0.2,0.05,0.1
Base total,151.325,113.275,106.726,63.599,80.347,76.59,71.274,5.38,51.041,53.267,97.018,51.078,41.834,28.709,44.254,35.612,33.938,36.6,27.176,30.376,55.235,11.681,2.875,46.004,43.511,11.402,,13.027,40.617,40.301,36.911,5.98,,34.512,33.378,1.1,32.905,,17.084,31.656,,31.212,5.266,16.92,17.245,13.118,,27.219,15.071,12.631,26.12,,5.892,7.453,5.747,20.584,20.258,20.149,2.39,19.006,18.834,18.514,17.366,7.701,,,14.952,,14.832,14.744,,,,,,13.897,,12.547,13.401,13.379,13.346,13.331,,4.779,5.473,12.985,12.905,,12.843,12.523,12.474,12.422,,12.381,12.263,12.177,12.004,,,11.656,,11.531,,,11.139,11.104,3.007,,,10.957,,,,10.806,,,,10.689,9.524,10.387,10.289,10.194,3.183,10.042,9.914,9.738,,,,,,,8.847,1.05,8.752,7.081,1.05,8.571,,8.451,8.415,,8.368,8.285,,,,,,7.981,,,7.957,6.856,,7.851,,,7.633,,,7.334,5.973,,,,7.04,,7.008,6.99,,5.767,,,,6.741,6.729,,,6.674,,2.886,,,,,6.153,6.146,,,,,5.028,4.723,,5.809,5.728,5.619
Points after weight (1 => x1),151.325,113.275,106.726,63.599,80.347,76.59,71.274,5.38,51.041,53.267,97.018,51.078,41.834,28.709,44.254,35.612,33.938,36.6,27.176,30.376,55.235,11.681,2.875,46.004,43.511,11.402,,13.027,40.617,40.301,36.911,5.98,,34.512,33.378,1.1,32.905,,17.084,31.656,,31.212,5.266,16.92,17.245,13.118,,27.219,15.071,12.631,26.12,,5.892,7.453,5.747,20.584,20.258,20.149,2.39,19.006,18.834,18.514,17.366,7.701,,,14.952,,14.832,14.744,,,,,,13.897,,12.547,13.401,13.379,13.346,13.331,,4.779,5.473,12.985,12.905,,12.843,12.523,12.474,12.422,,12.381,12.263,12.177,12.004,,,11.656,,11.531,,,11.139,11.104,3.007,,,10.957,,,,10.806,,,,10.689,9.524,10.387,10.289,10.194,3.183,10.042,9.914,9.738,,,,,,,8.847,1.05,8.752,7.081,1.05,8.571,,8.451,8.415,,8.368,8.285,,,,,,7.981,,,7.957,6.856,,7.851,,,7.633,,,7.334,5.973,,,,7.04,,7.008,6.99,,5.767,,,,6.741,6.729,,,6.674,,2.886,,,,,6.153,6.146,,,,,5.028,4.723,,5.809,5.728,5.619
Final points after recency (x0.9969017144214212),150.856,112.924,106.395,63.402,80.098,76.352,71.053,5.363,50.883,53.102,96.717,50.92,41.704,28.62,44.117,35.502,33.832,36.487,27.092,30.282,55.064,11.645,2.866,45.862,43.376,11.367,,12.987,40.491,40.176,36.797,5.961,,34.406,33.275,1.097,32.803,,17.031,31.558,,31.115,5.249,16.867,17.192,13.077,,27.135,15.024,12.592,26.04,,5.874,7.43,5.729,20.52,20.195,20.087,2.382,18.947,18.776,18.457,17.312,7.678,,,14.905,,14.786,14.698,,,,,,13.854,,12.508,13.36,13.337,13.304,13.289,,4.764,5.456,12.945,12.865,,12.803,12.484,12.435,12.383,,12.342,12.225,12.139,11.967,,,11.62,,11.496,,,11.104,11.07,2.998,,,10.923,,,,10.773,,,,10.656,9.495,10.355,10.257,10.162,3.173,10.011,9.883,9.708,,,,,,,8.82,1.047,8.725,7.059,1.047,8.544,,8.425,8.389,,8.342,8.26,,,,,,7.957,,,7.932,6.834,,7.827,,,7.61,,,7.312,5.955,,,,7.018,,6.986,6.969,,5.75,,,,6.72,6.708,,,6.653,,2.877,,,,,6.134,6.127,,,,,5.013,4.708,,5.791,5.711,5.601
,,,,,,,,,,,,,,,,,,,,,,,,,,,,,,,,,,,,,,,,,,,,,,,,,,,,,,,,,,,,,,,,,,,,,,,,,,,,,,,,,,,,,,,,,,,,,,,,,,,,,,,,,,,,,,,,,,,,,,,,,,,,,,,,,,,,,,,,,,,,,,,,,,,,,,,,,,,,,,,,,,,,,,,,,,,,,,,,,,,,,,,,,,,,,,,,,,,,,,
Brawlhalla Winter Championship 2020 AUS 1v1 - 2/22/2020 - 63 days ago,,,,,,,,,,,,,,,,,,,,,,,,,,,,,,,,,,,,,,,,,,,,,,,,,,,,,,,,,,,,,,,,,,,,,,,,,,,,,,,,,,,,,,,,,,,,,,,,,,,,,,,,,,,,,,,,,,,,,,,,,,,,,,,,,,,,,,,,,,,,,,,,,,,,,,,,,,,,,,,,,,,,,,,,,,,,,,,,,,,,,,,,,,,,,,,,,,,,,,
Place,1,4,7,2,5,5,7,3,9,13,257,9,13,9,17,17,17,17,17,17,,13,9,,193,25,13,17,,,,25,17,,,25,,25,33,,25,,25,33,33,49,25,,33,65,,25,33,33,33,,,,33,,,,,65,33,33,,33,,,33,49,49,49,33,,33,193,,,,,33,97,65,,,49,,,,,49,,,,,65,97,,49,,65,65,,,97,65,65,,49,65,49,,49,65,65,,257,,,,49,,,,65,49,65,129,97,49,,49,,129,65,,65,,,65,,,65,97,97,65,65,,97,65,,257,97,,65,65,,97,65,,193,97,97,97,,65,,,97,,97,97,129,,,97,65,,97,129,97,129,97,97,,,129,97,97,97,193,257,193,,,
Points from place,110,60,40,80,50,50,40,70,28,24,1,28,24,28,20,20,20,20,20,20,,24,28,,1,16,24,20,,,,16,20,,,16,,16,4,,16,,16,4,4,4,16,,4,2,,16,4,4,4,,,,4,,,,,2,4,4,,4,,,4,4,4,4,4,,4,1,,,,,4,2,2,,,4,,,,,4,,,,,2,2,,4,,2,2,,,2,2,2,,4,2,4,,4,2,2,,1,,,,4,,,,2,4,2,1,2,4,,4,,1,2,,2,,,2,,,2,2,2,2,2,,2,2,,1,2,,2,2,,2,2,,1,2,2,2,,2,,,2,,2,2,1,,,2,2,,2,1,2,1,2,2,,,1,2,2,2,1,1,1,,,
Wins (opponent seed),[2 3 9],[3 4 12],[7 8 24],[2 6 9],[5 13 21],[11 14 22],[8 10 16],[6 10 15],[4 20 109],[17 28 32],[251],[18 25 29],[11 17 31],[20 21 23],[118 246 459],[25 57 121],[18 79 114],[30 116 244],[24 39 183],[23 40 104],,[15 27 117],[7 42 106],,[409 457],[29 29 157],[5 32 47],[22 284 293],,,,[79 95 98],[28 60 124],,,[30 46 83],,[10 39 58],[53 76 204],,[33 49 80],,[27 91 102],[145 209 240],[102 283 294],[63 66 82],[41 105 201],,[93 148 228],[81 96 145],,[118 134 182],[60 76 133],[10 138 311],[41 121 137],,,,[94 195 323],,,,,[115 126 195],[94 99 227],[40 56 57],,[22 107 235],,,[42 55 71],[71 87 199],[48 65 81],[43 54 107],[97 225 352],,[47 50 335],[437 485],,,,,[34 162 322],[186 199 279],[52 205 436],,,[70 75 123],,,,,[46 302 323],,,,,[34 98 175],[56 72 73],,[61 109 164],,[43 86 171],[50 66 194],,,[80 192 193],[28 92 229],[59 70 198],,[69 124 181],[54 182 203],[89 184 201],,[144 256 352],[37 92 220],[38 91 219],,[447],,,,[163 254 291],,,,[36 93 292],[69 197 357],[83 110 163],[32 49 433],[126 131 142],[55 202 359],,[82 303 335],,[358 411],[68 196 452],,[67 179 190],,,[90 218 474],,,[128 177 192],[77 180 189],[67 78 318],[111 162 175],[105 168 169],,[129 144 385],[106 167 170],,[278],[75 187 331],,[97 176 224],[88 216 472],,[114 127 255],[125 180 189],,[261 428],[134 139 390],[136 137 393],[135 138 391],,[87 215 471],,,[86 166 422],,[130 143 386],[133 140 389],[32 208 336],,,[148 157 404],[89 217 473],,[132 141 388],[141 397],[147 158 403],[35 243 371],[112 160 416],[146 159 402],,,[52 228 356],[146 159 415],[152 153 408],[152 153 409],[414 462],[280],[45 381],,,
Points from wins,23.606 [8.889+8.239+6.478],22.033 [8.239+7.778+6.017],18.453 [6.881+6.667+4.906],22.495 [8.889+7.128+6.478],18.428 [7.42+5.888+5.12],16.971 [6.156+5.77+5.045],18.531 [6.667+6.309+5.556],19.096 [7.128+6.309+5.659],15.455 [7.778+5.198+2.48],14.561 [5.458+4.658+4.444],1.143,14.809 [5.367+4.84+4.602],16.11 [6.156+5.458+4.495],15.291 [5.198+5.12+4.974],3.528 [2.353+1.175+0],10.672 [4.84+3.519+2.312],10.77 [5.367+2.996+2.408],8.116 [4.548+2.38+1.188],10.682 [4.906+4.127+1.649],11.616 [4.974+4.087+2.555],,12.742 [5.659+4.717+2.366],13.414 [6.881+4.009+2.525],,0,11.099 [4.602+4.602+1.895],15.693 [7.42+4.444+3.828],5.045 [5.045+0+0],,,,8.346 [2.996+2.7+2.65],10.368 [4.658+3.437+2.273],,,11.327 [4.548+3.863+2.917],,13.927 [6.309+4.127+3.491],8.169 [3.636+3.058+1.475],,11.132 [4.395+3.761+2.976],,10.072 [4.717+2.769+2.586],4.673 [2.022+1.436+1.215],2.586 [2.586+0+0],9.579 [3.359+3.284+2.936],8.086 [4.047+2.54+1.499],,6.021 [2.734+1.989+1.297],7.661 [2.956+2.683+2.022],,6.159 [2.353+2.149+1.658],8.655 [3.437+3.058+2.161],8.411 [6.309+2.102+0],8.473 [4.047+2.312+2.113],,,,4.265 [2.717+1.547+0],,,,,6.189 [2.394+2.247+1.547],6.655 [2.717+2.634+1.304],11.153 [4.087+3.547+3.519],,8.803 [5.045+2.509+1.248],,,10.752 [4.009+3.576+3.167],7.523 [3.167+2.841+1.515],10.059 [3.794+3.308+2.956],10.086 [3.971+3.606+2.509],3.985 [2.667+1.318+0],,7.557 [3.828+3.729+0],0,,,,,6.192 [4.347+1.845+0],3.138 [1.623+1.515+0],5.133 [3.666+1.467+0],,,8.555 [3.19+3.079+2.286],,,,,3.863 [3.863+0+0],,,,,8.718 [4.347+2.65+1.721],9.814 [3.547+3.145+3.122],,7.715 [3.41+2.48+1.825],,8.588 [3.971+2.86+1.758],8.569 [3.729+3.284+1.556],,,6.112 [2.976+1.572+1.564],8.7 [4.658+2.752+1.29],8.176 [3.464+3.19+1.523],,7.153 [3.213+2.273+1.667],6.747 [3.606+1.658+1.483],5.944 [2.805+1.64+1.499],,2.033 [2.033+0+0],8.317 [4.212+2.752+1.354],8.299 [4.169+2.769+1.361],,0,,,,2.958 [1.835+1.124+0],,,,6.99 [4.256+2.734+0],4.744 [3.213+1.531+0],7.217 [2.917+2.465+1.835],8.206 [4.444+3.761+0],6.488 [2.247+2.185+2.056],5.067 [3.576+1.491+0],,2.936 [2.936+0+0],,0,4.775 [3.236+1.539+0],,6.534 [3.26+1.685+1.589],,,4.156 [2.787+1.369+0],,,5.497 [2.222+1.703+1.572],6.31 [3.037+1.676+1.598],6.276 [3.26+3.016+0],6.016 [2.451+1.845+1.721],6.103 [2.54+1.786+1.777],,4.243 [2.21+2.033+0],6.088 [2.525+1.796+1.767],,0,4.694 [3.079+1.615+0],,5.704 [2.667+1.712+1.325],4.206 [2.823+1.383+0],,5.76 [2.408+2.235+1.117],5.533 [2.26+1.676+1.598],,0,4.239 [2.149+2.09+0],4.238 [2.125+2.113+0],4.239 [2.137+2.102+0],,4.232 [2.841+1.391+0],,,4.665 [2.86+1.806+0],,4.242 [2.197+2.045+0],4.239 [2.161+2.079+0],5.888 [4.444+1.444+0],,,3.884 [1.989+1.895+0],4.181 [2.805+1.376+0],,4.24 [2.173+2.067+0],2.067 [2.067+0],3.885 [2+1.885+0],5.495 [4.301+1.195+0],4.301 [2.436+1.865+0],3.886 [2.011+1.875+0],,,4.963 [3.666+1.297+0],3.886 [2.011+1.875+0],3.883 [1.947+1.936+0],3.883 [1.947+1.936+0],0,0,3.898 [3.898+0],,,
Losses (opponent place),[],[2 5],[2 1],[1 4],[4 1],[2 3],[4 4],[2 1],[2 5],[7 1],[129 5],[4 9],[1 2],[7 9],[13 5],[7 7],[13 3],[9 9],[9 2],[17 9],,[5 9],[7 3],,[97 33],[9 7],[17 9],[17 13],,,,[3 13],[13 5],,,[2 17],,[9 17],[17 13],,[13 13],,[193 13],[13 13],[25 5],[33 3],[7 17],,[25 25],[13 13],,[5 17],[13 13],[25 9],[17 7],,,,[7 2],,,,,[49 2],[25 2],[25 49],,[25 17],,,[17 129],[25 9],[25 33],[25 129],[25 1],,[25 17],[65 65],,,,,[13 25],[25 9],[33 17],,,[25 33],,,,,[25 4],,,,,[33 3],[33 49],,[33 49],,[49 33],[33 13],,,[49 33],[33 17],[49 5],,[33 65],[25 17],[33 7],,[13 13],[33 17],[25 33],,[65 49],,,,[33 33],,,,[33 25],[33 17],[33 49],[97 33],[65 2],[33 33],,[33 13],,[25 33],[49 9],,[49 33],,,[25 17],,,[49 13],[33 65],[65 33],[49 49],[49 65],,[65 1],[49 65],,[129 33],[25 65],,[25 65],[33 25],,[65 97],[49 65],,[129 17],[49 5],[33 7],[33 9],,[33 9],,,[25 65],,[65 3],[49 17],[65 129],,,[49 9],[33 17],,[65 9],[33 17],[65 4],[97 129],[65 33],[65 13],,,[97 25],[65 25],[65 25],[65 17],[129 65],[129 25],[33 97],,,
Points from losses,20,9.6,14.4,12.6,12.6,11.2,9.8,14.4,9.6,10.8,0.6,7,14.4,6,6,7.2,7,5,8,3.5,,6,8.4,,0.1,6,3.5,3.5,,,,7,6,,,5.6,,3.5,3.5,,5,,0.5,5,4.2,1.4,4.2,,2.45,5,,4.2,5,3.5,4.2,,,,9.6,,,,,1.6,5.6,0.7,,2.45,,,0.35,3.5,0.7,0.35,6.3,,2.45,0.05,,,,,3.5,3.5,0.7,,,0.7,,,,,4.9,,,,,1.4,0.2,,0.2,,0.2,1,,,0.2,0.7,1.2,,0.1,2.45,1.2,,5,0.7,0.7,,0.1,,,,0.2,,,,0.7,0.7,0.2,0.1,0.8,0.2,,1,,0.7,1,,0.2,,,2.45,,,1,0.1,0.1,0.2,0.1,,0.9,0.1,,0.1,0.35,,0.35,0.7,,0.05,0.1,,0.35,1.2,1.2,1,,1,,,0.35,,0.7,0.7,0.05,,,1,0.7,,0.5,0.7,0.7,0.05,0.1,0.5,,,0.35,0.35,0.35,0.35,0.05,0.35,0.1,,,
Base total,153.606,91.633,72.853,115.095,81.028,78.171,68.331,103.496,53.055,49.361,2.743,49.809,54.51,49.291,29.528,37.872,37.77,33.116,38.682,35.116,,42.742,49.814,,1.1,33.099,43.193,28.545,,,,31.346,36.368,,,32.927,,33.427,15.669,,32.132,,26.572,13.673,10.786,14.979,28.286,,12.471,14.661,,26.359,17.655,15.911,16.673,,,,17.865,,,,,9.789,16.255,15.853,,15.253,,,15.102,15.023,14.759,14.436,14.285,,14.007,1.05,,,,,13.692,8.638,7.833,,,13.255,,,,,12.763,,,,,12.118,12.014,,11.915,,10.788,11.569,,,8.312,11.4,11.376,,11.253,11.197,11.144,,11.033,11.017,10.999,,1.1,,,,7.158,,,,9.69,9.444,9.417,9.306,9.288,9.267,,7.936,,1.7,7.775,,8.734,,,8.606,,,8.497,8.41,8.376,8.216,8.203,,7.143,8.188,,1.1,7.044,,8.054,6.906,,7.81,7.633,,1.35,7.439,7.438,7.239,,7.232,,,7.015,,6.942,6.939,6.938,,,6.884,6.881,,6.74,3.767,6.585,6.545,6.401,6.386,,,6.313,6.236,6.233,6.233,1.05,1.35,4.998,,,
Points after weight (1 => x1),153.606,91.633,72.853,115.095,81.028,78.171,68.331,103.496,53.055,49.361,2.743,49.809,54.51,49.291,29.528,37.872,37.77,33.116,38.682,35.116,,42.742,49.814,,1.1,33.099,43.193,28.545,,,,31.346,36.368,,,32.927,,33.427,15.669,,32.132,,26.572,13.673,10.786,14.979,28.286,,12.471,14.661,,26.359,17.655,15.911,16.673,,,,17.865,,,,,9.789,16.255,15.853,,15.253,,,15.102,15.023,14.759,14.436,14.285,,14.007,1.05,,,,,13.692,8.638,7.833,,,13.255,,,,,12.763,,,,,12.118,12.014,,11.915,,10.788,11.569,,,8.312,11.4,11.376,,11.253,11.197,11.144,,11.033,11.017,10.999,,1.1,,,,7.158,,,,9.69,9.444,9.417,9.306,9.288,9.267,,7.936,,1.7,7.775,,8.734,,,8.606,,,8.497,8.41,8.376,8.216,8.203,,7.143,8.188,,1.1,7.044,,8.054,6.906,,7.81,7.633,,1.35,7.439,7.438,7.239,,7.232,,,7.015,,6.942,6.939,6.938,,,6.884,6.881,,6.74,3.767,6.585,6.545,6.401,6.386,,,6.313,6.236,6.233,6.233,1.05,1.35,4.998,,,
Final points after recency (x0.9702178952964909),149.031,88.904,70.683,111.667,78.615,75.843,66.296,100.413,51.475,47.891,2.661,48.326,52.886,47.823,28.648,36.744,36.646,32.13,37.53,34.07,,41.469,48.33,,1.067,32.114,41.906,27.695,,,,30.413,35.285,,,31.947,,32.432,15.202,,31.175,,25.781,13.266,10.465,14.533,27.443,,12.099,14.225,,25.574,17.13,15.437,16.176,,,,17.332,,,,,9.497,15.771,15.381,,14.799,,,14.652,14.576,14.319,14.006,13.859,,13.59,1.019,,,,,13.284,8.381,7.6,,,12.86,,,,,12.383,,,,,11.758,11.657,,11.56,,10.467,11.224,,,8.064,11.06,11.038,,10.918,10.863,10.812,,10.705,10.689,10.672,,1.067,,,,6.945,,,,9.401,9.163,9.136,9.029,9.012,8.991,,7.7,,1.649,7.544,,8.473,,,8.349,,,8.244,8.16,8.127,7.971,7.959,,6.93,7.944,,1.067,6.834,,7.814,6.701,,7.577,7.406,,1.31,7.217,7.217,7.023,,7.017,,,6.806,,6.735,6.733,6.732,,,6.679,6.676,,6.539,3.655,6.389,6.351,6.21,6.196,,,6.125,6.05,6.047,6.047,1.019,1.31,4.849,,,